genome	species	spp_percent	genotype	confidence	lowest support for genotype marker	poorly supported markers	max support for additional markers	additional markers	node support	ampicillin	azithromycin	ceftriaxone	ciprofloxacin	chloramphenicol	sulfonamides	trimethoprim	trimethoprim-sulfamethoxazole	tetracycline	IncFIAHI1	IncHI1A	IncHI1BR27	IncHI1_ST6	IncY	IncX3	IncHI2A	IncI1	IncL_M	IncFIB_pHCM2	IncFIB_K	IncN	z66	num QRDR	parC_S80I	parC_S80R	parC_E84G	parC_E84K	gyrA_S83F	gyrA_S83Y	gyrA_D87G	gyrA_D87N	gyrA_D87V	gyrA_D87Y	gyrB_S464F	gyrB_S464Y	acrB_R717L	acrB_R717Q	mphA	ermB	ereA	blaTEM-1D	blaCTX-M-15	AmpC1	blaOXA-7	blaOXA-134	blaSHV-12	qnrS1	qnrB1	qnrD1	catA1	cmlA1	sul1	sul2	dfrA1	dfrA5	dfrA7	dfrA14	dfrA15	dfrA17	dfrA18	tetA	tetB	tetC	tetD
ERR2525483	typhi	94.925	4.3.1.2.EA2	strong	-	-	-	-	1 (1; 0/50); 2 (1; 1/48); 3 (1; 0/39); 4 (1; 45/1); 4.3.1 (1; 62/0); 4.3.1.2 (1; 86/2); 4.3.1.2.EA2 (1; 68/0)	R: blaTEM-1D	S	S	I: gyrB_S464F	R: catA1	R: sul1;sul2	R: dfrA7	R: dfrA7;sul1;sul2	R: tetB	0	1	1	1	0	0	0	0	0	0	0	0	0	1	0	0	0	0	0	0	0	0	0	0	1	0	0	0	0	0	0	1	0	0	0	0	0	0	0	0	1	0	1	1	0	0	1	0	0	0	0	0	1	0	0
ERR2525484	typhi	91.551	4.3.1.2.EA2	strong	-	-	-	-	1 (1; 2/51); 2 (1; 1/52); 3 (1; 1/47); 4 (1; 54/1); 4.3.1 (1; 50/0); 4.3.1.2 (1; 50/1); 4.3.1.2.EA2 (1; 58/0)	R: blaTEM-1D	S	S	I: gyrB_S464F	R: catA1	R: sul1;sul2	R: dfrA7	R: dfrA7;sul1;sul2	R: tetB	0	1	1	1	0	0	0	0	0	0	0	0	0	1	0	0	0	0	0	0	0	0	0	0	1	0	0	0	0	0	0	1	0	0	0	0	0	0	0	0	1	0	1	1	0	0	1	0	0	0	0	0	1	0	0
ERR2525491	typhi	94.792	4.3.1.2.EA3	strong	-	-	-	-	1 (1; 0/66); 2 (1; 0/71); 3 (1; 1/53); 4 (1; 28/0); 4.3.1 (1; 49/0); 4.3.1.2 (1; 64/1); 4.3.1.2.EA3 (1; 56/1)	R: blaTEM-1D	S	S	I: gyrA_S83Y	R: catA1	R: sul1;sul2	R: dfrA7	R: dfrA7;sul1;sul2	S	0	0	0	0	0	0	0	0	0	0	0	0	0	1	0	0	0	0	0	1	0	0	0	0	0	0	0	0	0	0	0	1	0	0	0	0	0	0	0	0	1	0	1	1	0	0	1	0	0	0	0	0	0	0	0
ERR2525493	typhi	94.417	4.3.1.2.EA2	strong	-	-	-	-	1 (1; 0/52); 2 (1; 0/53); 3 (1; 0/44); 4 (1; 40/0); 4.3.1 (1; 53/1); 4.3.1.2 (1; 68/0); 4.3.1.2.EA2 (1; 45/0)	R: blaTEM-1D	S	S	I: gyrB_S464F	R: catA1	R: sul1;sul2	R: dfrA7	R: dfrA7;sul1;sul2	R: tetB	0	1	1	1	0	0	0	0	0	0	0	0	0	1	0	0	0	0	0	0	0	0	0	0	1	0	0	0	0	0	0	1	0	0	0	0	0	0	0	0	1	0	1	1	0	0	1	0	0	0	0	0	1	0	0
ERR2525501	typhi	91.514	4.3.1.2.EA2	strong	-	-	-	-	1 (1; 0/56); 2 (1; 0/58); 3 (1; 0/53); 4 (1; 72/1); 4.3.1 (1; 80/0); 4.3.1.2 (1; 79/0); 4.3.1.2.EA2 (1; 60/0)	R: blaTEM-1D	S	S	I: gyrB_S464F	R: catA1	R: sul1;sul2	R: dfrA7	R: dfrA7;sul1;sul2	R: tetB	0	1	1	1	0	0	0	0	0	0	0	0	0	1	0	0	0	0	0	0	0	0	0	0	1	0	0	0	0	0	0	1	0	0	0	0	0	0	0	0	1	0	1	1	0	0	1	0	0	0	0	0	1	0	0
ERR2525508	typhi	91.509	4.3.1.2.EA3	strong	-	-	-	-	1 (1; 0/53); 2 (1; 1/47); 3 (1; 0/56); 4 (1; 62/0); 4.3.1 (1; 49/1); 4.3.1.2 (1; 63/0); 4.3.1.2.EA3 (1; 50/0)	R: blaTEM-1D	S	S	I: gyrA_S83Y	R: catA1	R: sul1;sul2	R: dfrA7	R: dfrA7;sul1;sul2	S	0	0	0	0	0	0	0	0	0	0	0	0	0	1	0	0	0	0	0	1	0	0	0	0	0	0	0	0	0	0	0	1	0	0	0	0	0	0	0	0	1	0	1	1	0	0	1	0	0	0	0	0	0	0	0
ERR2525516	typhi	94.382	4.3.1.2.EA2	strong	-	-	-	-	1 (1; 0/62); 2 (1; 0/64); 3 (1; 0/52); 4 (1; 60/0); 4.3.1 (1; 62/0); 4.3.1.2 (1; 55/0); 4.3.1.2.EA2 (1; 54/1)	S	S	S	I: gyrB_S464F	S	S	S	S	S	0	0	0	0	0	0	0	0	0	0	0	0	0	1	0	0	0	0	0	0	0	0	0	0	1	0	0	0	0	0	0	0	0	0	0	0	0	0	0	0	0	0	0	0	0	0	0	0	0	0	0	0	0	0	0
ERR2602784	typhi	91.502	4.3.1.1.EA1	strong	-	-	-	-	1 (1; 0/45); 2 (1; 0/56); 3 (1; 0/36); 4 (1; 37/0); 4.3.1 (1; 39/1); 4.3.1.1 (1; 58/0); 4.3.1.1.EA1 (1; 49/1)	R: blaTEM-1D	S	S	S	R: catA1	R: sul1;sul2	R: dfrA7	R: dfrA7;sul1;sul2	S	0	0	0	0	0	0	0	0	0	0	0	0	0	0	0	0	0	0	0	0	0	0	0	0	0	0	0	0	0	0	0	1	0	0	0	0	0	0	0	0	1	0	1	1	0	0	1	0	0	0	0	0	0	0	0
ERR2602809	typhi	91.529	4.3.1.1.EA1	strong	-	-	-	-	1 (1; 0/34); 2 (1; 0/33); 3 (1; 0/32); 4 (1; 33/0); 4.3.1 (1; 59/0); 4.3.1.1 (1; 40/0); 4.3.1.1.EA1 (1; 46/0)	R: blaTEM-1D	S	S	S	R: catA1	R: sul1;sul2	R: dfrA7	R: dfrA7;sul1;sul2	S	0	0	0	0	0	0	0	0	0	0	0	0	0	0	0	0	0	0	0	0	0	0	0	0	0	0	0	0	0	0	0	1	0	0	0	0	0	0	0	0	1	0	1	1	0	0	1	0	0	0	0	0	0	0	0
ERR2602812	typhi	91.494	4.3.1.1.EA1	strong	-	-	-	-	1 (1; 0/46); 2 (1; 0/51); 3 (1; 0/51); 4 (1; 41/1); 4.3.1 (1; 51/0); 4.3.1.1 (1; 54/0); 4.3.1.1.EA1 (1; 47/1)	R: blaTEM-1D	S	S	S	R: catA1	R: sul1;sul2	R: dfrA7	R: dfrA7;sul1;sul2	S	0	0	0	0	0	0	0	0	0	0	0	0	0	0	0	0	0	0	0	0	0	0	0	0	0	0	0	0	0	0	0	1	0	0	0	0	0	0	0	0	1	0	1	1	0	0	1	0	0	0	0	0	0	0	0
ERR2602813	typhi	91.57	4.3.1.1.EA1	strong	-	-	-	-	1 (1; 0/60); 2 (1; 0/44); 3 (1; 0/33); 4 (1; 30/0); 4.3.1 (1; 69/0); 4.3.1.1 (1; 59/0); 4.3.1.1.EA1 (1; 60/0)	R: blaTEM-1D	S	S	S	R: catA1	R: sul1;sul2	R: dfrA7	R: dfrA7;sul1;sul2	S	0	0	0	0	0	0	0	0	0	0	0	0	0	0	0	0	0	0	0	0	0	0	0	0	0	0	0	0	0	0	0	1	0	0	0	0	0	0	0	0	1	0	1	1	0	0	1	0	0	0	0	0	0	0	0
ERR2602814	typhi	91.509	4.3.1.1.EA1	strong	-	-	-	-	1 (1; 0/37); 2 (1; 0/43); 3 (1; 0/45); 4 (1; 41/0); 4.3.1 (1; 60/0); 4.3.1.1 (1; 43/0); 4.3.1.1.EA1 (1; 52/0)	R: blaTEM-1D	S	S	S	R: catA1	R: sul1;sul2	R: dfrA7	R: dfrA7;sul1;sul2	S	0	0	0	0	0	0	0	0	0	0	0	0	0	0	0	0	0	0	0	0	0	0	0	0	0	0	0	0	0	0	0	1	0	0	0	0	0	0	0	0	1	0	1	1	0	0	1	0	0	0	0	0	0	0	0
ERR2602815	typhi	91.917	4.3.1.1.EA1	strong	-	-	-	-	1 (1; 0/50); 2 (1; 0/45); 3 (1; 0/21); 4 (1; 31/0); 4.3.1 (1; 56/0); 4.3.1.1 (1; 49/0); 4.3.1.1.EA1 (1; 51/0)	R: blaTEM-1D	S	S	S	R: catA1	R: sul1;sul2	R: dfrA7	R: dfrA7;sul1;sul2	S	0	0	0	0	0	0	0	0	0	0	0	0	0	0	0	0	0	0	0	0	0	0	0	0	0	0	0	0	0	0	0	1	0	0	0	0	0	0	0	0	1	0	1	1	0	0	1	0	0	0	0	0	0	0	0
ERR2909476	typhi	91.527	4.3.1.2.EA2	strong	-	-	-	-	1 (1; 0/64); 2 (1; 0/53); 3 (1; 0/52); 4 (1; 46/0); 4.3.1 (1; 50/0); 4.3.1.2 (1; 50/0); 4.3.1.2.EA2 (1; 54/0)	R: blaTEM-1D	S	S	I: gyrB_S464F	R: catA1	R: sul1;sul2	R: dfrA7	R: dfrA7;sul1;sul2	R: tetB	0	1	1	1	0	0	0	0	0	0	0	0	0	1	0	0	0	0	0	0	0	0	0	0	1	0	0	0	0	0	0	1	0	0	0	0	0	0	0	0	1	0	1	1	0	0	1	0	0	0	0	0	1	0	0
ERR2909490	typhi	91.484	4.3.1.2.EA2	strong	-	-	-	-	1 (1; 0/58); 2 (1; 0/39); 3 (1; 0/55); 4 (1; 69/0); 4.3.1 (1; 67/0); 4.3.1.2 (1; 65/0); 4.3.1.2.EA2 (1; 46/0)	R: blaTEM-1D	S	S	I: gyrB_S464F	R: catA1	R: sul1;sul2	R: dfrA7	R: dfrA7;sul1;sul2	R: tetB	0	1	1	1	0	0	0	0	0	0	0	0	0	1	0	0	0	0	0	0	0	0	0	0	1	0	0	0	0	0	0	1	0	0	0	0	0	0	0	0	1	0	1	1	0	0	1	0	0	0	0	0	1	0	0
ERR2909496	typhi	91.636	4.3.1.2.EA2	strong	-	-	-	-	1 (1; 0/62); 2 (1; 1/45); 3 (1; 1/64); 4 (1; 50/1); 4.3.1 (1; 57/1); 4.3.1.2 (1; 47/0); 4.3.1.2.EA2 (1; 47/0)	S	S	S	I: gyrB_S464F	S	S	S	S	S	0	0	0	0	0	0	0	0	0	0	0	0	0	1	0	0	0	0	0	0	0	0	0	0	1	0	0	0	0	0	0	0	0	0	0	0	0	0	0	0	0	0	0	0	0	0	0	0	0	0	0	0	0	0	0
ERR2909502	typhi	91.529	4.3.1.2.EA3	strong	-	-	-	-	1 (1; 0/47); 2 (1; 1/39); 3 (1; 0/57); 4 (1; 53/0); 4.3.1 (1; 67/1); 4.3.1.2 (1; 54/0); 4.3.1.2.EA3 (1; 54/0)	R: blaTEM-1D	S	S	I: gyrA_S83Y	R: catA1	R: sul1;sul2	R: dfrA7	R: dfrA7;sul1;sul2	S	0	0	0	0	0	0	0	0	0	0	0	0	0	1	0	0	0	0	0	1	0	0	0	0	0	0	0	0	0	0	0	1	0	0	0	0	0	0	0	0	1	0	1	1	0	0	1	0	0	0	0	0	0	0	0
ERR2909506	typhi	91.49	4.3.1.2.EA2	strong	-	-	-	-	1 (1; 0/64); 2 (1; 0/44); 3 (1; 0/64); 4 (1; 62/0); 4.3.1 (1; 68/1); 4.3.1.2 (1; 44/0); 4.3.1.2.EA2 (1; 59/0)	R: blaTEM-1D	S	S	I: gyrB_S464F	R: catA1	R: sul1;sul2	R: dfrA7	R: dfrA7;sul1;sul2	R: tetB	0	1	1	1	0	0	0	0	0	0	0	0	0	1	0	0	0	0	0	0	0	0	0	0	1	0	0	0	0	0	0	1	0	0	0	0	0	0	0	0	1	0	1	1	0	0	1	0	0	0	0	0	1	0	0
ERR2909509	typhi	91.484	4.3.1.2.EA2	strong	-	-	-	-	1 (1; 0/63); 2 (1; 0/50); 3 (1; 0/51); 4 (1; 57/2); 4.3.1 (1; 59/0); 4.3.1.2 (1; 68/0); 4.3.1.2.EA2 (1; 52/0)	R: blaTEM-1D	S	S	I: gyrB_S464F	R: catA1	R: sul1;sul2	R: dfrA7	R: dfrA7;sul1;sul2	R: tetB	0	1	1	1	0	0	0	0	0	0	0	0	0	1	0	0	0	0	0	0	0	0	0	0	1	0	0	0	0	0	0	1	0	0	0	0	0	0	0	0	1	0	1	1	0	0	1	0	0	0	0	0	1	0	0
ERR2909511	typhi	91.496	4.3.1.2.EA2	strong	-	-	-	-	1 (1; 0/66); 2 (1; 0/59); 3 (1; 0/60); 4 (1; 39/0); 4.3.1 (1; 60/0); 4.3.1.2 (1; 60/0); 4.3.1.2.EA2 (1; 49/0)	R: blaTEM-1D	S	S	I: gyrB_S464F	R: catA1	R: sul1;sul2	R: dfrA7	R: dfrA7;sul1;sul2	R: tetB	0	1	1	1	0	0	0	0	0	0	0	0	0	1	0	0	0	0	0	0	0	0	0	0	1	0	0	0	0	0	0	1	0	0	0	0	0	0	0	0	1	0	1	1	0	0	1	0	0	0	0	0	1	0	0
ERR2909512	typhi	91.778	4.3.1.2.EA2	strong	-	-	-	-	1 (1; 0/56); 2 (1; 0/65); 3 (1; 0/47); 4 (1; 57/0); 4.3.1 (1; 64/0); 4.3.1.2 (1; 59/2); 4.3.1.2.EA2 (1; 61/0)	S	S	S	I: gyrB_S464F	S	S	S	S	S	0	0	0	0	0	0	0	0	0	0	0	0	0	1	0	0	0	0	0	0	0	0	0	0	1	0	0	0	0	0	0	0	0	0	0	0	0	0	0	0	0	0	0	0	0	0	0	0	0	0	0	0	0	0	0
ERR2909513	typhi	91.48	4.3.1.2.EA2	strong	-	-	-	-	1 (1; 0/63); 2 (1; 0/69); 3 (1; 0/63); 4 (1; 57/0); 4.3.1 (1; 58/0); 4.3.1.2 (1; 57/0); 4.3.1.2.EA2 (1; 73/0)	R: blaTEM-1D	S	S	I: gyrB_S464F	R: catA1	R: sul1;sul2	R: dfrA7	R: dfrA7;sul1;sul2	R: tetB	0	1	1	1	0	0	0	0	0	0	0	0	0	1	0	0	0	0	0	0	0	0	0	0	1	0	0	0	0	0	0	1	0	0	0	0	0	0	0	0	1	0	1	1	0	0	1	0	0	0	0	0	1	0	0
ERR2909514	typhi	91.892	4.3.1.2.EA2	strong	-	-	-	-	1 (1; 0/62); 2 (1; 1/83); 3 (1; 0/66); 4 (1; 60/0); 4.3.1 (1; 82/0); 4.3.1.2 (1; 74/0); 4.3.1.2.EA2 (1; 87/0)	R: blaTEM-1D	S	S	I: gyrB_S464F	R: catA1	R: sul1;sul2	R: dfrA7	R: dfrA7;sul1;sul2	R: tetB	0	1	1	1	0	0	0	0	0	0	0	0	0	1	0	0	0	0	0	0	0	0	0	0	1	0	0	0	0	0	0	1	0	0	0	0	0	0	0	0	1	0	1	1	0	0	1	0	0	0	0	0	1	0	0
ERR2909515	typhi	91.503	4.3.1.2.EA2	strong	-	-	-	-	1 (1; 0/60); 2 (1; 0/66); 3 (1; 0/55); 4 (1; 57/1); 4.3.1 (1; 59/0); 4.3.1.2 (1; 45/0); 4.3.1.2.EA2 (1; 47/0)	R: blaTEM-1D	S	S	I: gyrB_S464F	R: catA1	R: sul1;sul2	R: dfrA7	R: dfrA7;sul1;sul2	R: tetB	0	1	1	1	0	0	0	0	0	0	0	0	0	1	0	0	0	0	0	0	0	0	0	0	1	0	0	0	0	0	0	1	0	0	0	0	0	0	0	0	1	0	1	1	0	0	1	0	0	0	0	0	1	0	0
ERR2909516	typhi	91.538	4.3.1.2.EA2	strong	-	-	-	-	1 (1; 1/51); 2 (1; 0/49); 3 (1; 0/59); 4 (1; 62/0); 4.3.1 (1; 58/0); 4.3.1.2 (1; 46/3); 4.3.1.2.EA2 (1; 62/1)	R: blaTEM-1D	S	S	I: gyrB_S464F	R: catA1	R: sul1;sul2	R: dfrA7	R: dfrA7;sul1;sul2	R: tetB	0	1	1	1	0	0	0	0	0	0	0	0	0	1	0	0	0	0	0	0	0	0	0	0	1	0	0	0	0	0	0	1	0	0	0	0	0	0	0	0	1	0	1	1	0	0	1	0	0	0	0	0	1	0	0
ERR2909519	typhi	91.48	4.3.1.2.EA2	strong	-	-	-	-	1 (1; 0/34); 2 (1; 0/38); 3 (1; 1/34); 4 (1; 33/0); 4.3.1 (1; 38/1); 4.3.1.2 (1; 38/1); 4.3.1.2.EA2 (1; 39/0)	R: blaTEM-1D	S	S	I: gyrB_S464F	R: catA1	R: sul1;sul2	R: dfrA7	R: dfrA7;sul1;sul2	R: tetB	0	1	1	1	0	0	0	0	0	0	0	0	0	1	0	0	0	0	0	0	0	0	0	0	1	0	0	0	0	0	0	1	0	0	0	0	0	0	0	0	1	0	1	1	0	0	1	0	0	0	0	0	1	0	0
ERR2909520	typhi	91.504	4.3.1.2.EA2	strong	-	-	-	-	1 (1; 0/72); 2 (1; 0/56); 3 (1; 0/66); 4 (1; 52/0); 4.3.1 (1; 72/0); 4.3.1.2 (1; 68/0); 4.3.1.2.EA2 (1; 68/0)	S	S	S	I: gyrB_S464F	S	S	S	S	S	0	0	0	0	0	0	0	0	0	0	0	0	0	1	0	0	0	0	0	0	0	0	0	0	1	0	0	0	0	0	0	0	0	0	0	0	0	0	0	0	0	0	0	0	0	0	0	0	0	0	0	0	0	0	0
ERR2909522	typhi	91.496	4.3.1.2.EA2	strong	-	-	-	-	1 (1; 0/92); 2 (1; 0/70); 3 (1; 0/62); 4 (1; 62/1); 4.3.1 (1; 71/0); 4.3.1.2 (1; 79/1); 4.3.1.2.EA2 (1; 67/0)	S	S	S	I: gyrB_S464F	S	S	S	S	S	0	0	0	0	0	0	0	0	0	0	0	0	0	1	0	0	0	0	0	0	0	0	0	0	1	0	0	0	0	0	0	0	0	0	0	0	0	0	0	0	0	0	0	0	0	0	0	0	0	0	0	0	0	0	0
ERR2909523	typhi	91.525	4.3.1.2.EA2	strong	-	-	-	-	1 (1; 2/54); 2 (1; 1/52); 3 (1; 0/59); 4 (1; 67/1); 4.3.1 (1; 48/0); 4.3.1.2 (1; 62/0); 4.3.1.2.EA2 (1; 41/0)	R: blaTEM-1D	S	S	I: gyrB_S464F	R: catA1	R: sul1;sul2	R: dfrA7	R: dfrA7;sul1;sul2	R: tetB	0	1	1	1	0	0	0	0	0	0	0	0	0	1	0	0	0	0	0	0	0	0	0	0	1	0	0	0	0	0	0	1	0	0	0	0	0	0	0	0	1	0	1	1	0	0	1	0	0	0	0	0	1	0	0
ERR2909529	typhi	94.734	4.3.1.2.EA2	strong	-	-	-	-	1 (1; 1/59); 2 (1; 0/49); 3 (1; 2/67); 4 (1; 53/0); 4.3.1 (1; 66/0); 4.3.1.2 (1; 65/0); 4.3.1.2.EA2 (1; 47/0)	R: blaTEM-1D	S	S	I: gyrB_S464F	R: catA1	R: sul1;sul2	R: dfrA7	R: dfrA7;sul1;sul2	R: tetB	0	1	1	1	0	0	0	0	0	0	0	0	0	1	0	0	0	0	0	0	0	0	0	0	1	0	0	0	0	0	0	1	0	0	0	0	0	0	0	0	1	0	1	1	0	0	1	0	0	0	0	0	1	0	0
ERR2909534	typhi	94.695	4.3.1.2.EA2	strong	-	-	-	-	1 (1; 0/53); 2 (1; 1/44); 3 (1; 1/64); 4 (1; 50/0); 4.3.1 (1; 53/0); 4.3.1.2 (1; 52/0); 4.3.1.2.EA2 (1; 48/0)	S	S	S	I: gyrB_S464F	S	S	S	S	S	0	0	0	0	0	0	0	0	0	0	0	0	0	1	0	0	0	0	0	0	0	0	0	0	1	0	0	0	0	0	0	0	0	0	0	0	0	0	0	0	0	0	0	0	0	0	0	0	0	0	0	0	0	0	0
ERR2909536	typhi	94.428	4.3.1.2.EA2	strong	-	-	-	-	1 (1; 0/45); 2 (1; 1/53); 3 (1; 0/61); 4 (1; 34/0); 4.3.1 (1; 49/1); 4.3.1.2 (1; 51/1); 4.3.1.2.EA2 (1; 51/1)	R: blaTEM-1D	S	S	I: gyrB_S464F	R: catA1	R: sul1;sul2	R: dfrA7	R: dfrA7;sul1;sul2	R: tetB	0	1	1	1	0	0	0	0	0	0	0	0	0	1	0	0	0	0	0	0	0	0	0	0	1	0	0	0	0	0	0	1	0	0	0	0	0	0	0	0	1	0	1	1	0	0	1	0	0	0	0	0	1	0	0
ERR2909537	typhi	94.437	4.3.1.2.EA2	strong	-	-	-	-	1 (1; 0/49); 2 (1; 0/42); 3 (1; 0/46); 4 (1; 41/0); 4.3.1 (1; 41/0); 4.3.1.2 (1; 53/0); 4.3.1.2.EA2 (1; 53/0)	R: blaTEM-1D	S	S	I: gyrB_S464F	R: catA1	R: sul1;sul2	R: dfrA7	R: dfrA7;sul1;sul2	R: tetB	0	1	1	1	0	0	0	0	0	0	0	0	0	1	0	0	0	0	0	0	0	0	0	0	1	0	0	0	0	0	0	1	0	0	0	0	0	0	0	0	1	0	1	1	0	0	1	0	0	0	0	0	1	0	0
ERR2909539	typhi	94.409	4.3.1.2.EA2	strong	-	-	-	-	1 (1; 0/60); 2 (1; 1/47); 3 (1; 1/45); 4 (1; 42/0); 4.3.1 (1; 59/2); 4.3.1.2 (1; 78/0); 4.3.1.2.EA2 (1; 63/2)	R: blaTEM-1D	S	S	I: gyrB_S464F	R: catA1	R: sul1;sul2	R: dfrA7	R: dfrA7;sul1;sul2	R: tetB	0	1	1	1	0	0	0	0	0	0	0	0	0	1	0	0	0	0	0	0	0	0	0	0	1	0	0	0	0	0	0	1	0	0	0	0	0	0	0	0	1	0	1	1	0	0	1	0	0	0	0	0	1	0	0
ERR2909543	typhi	91.503	4.3.1.2.EA2	strong	-	-	-	-	1 (1; 0/55); 2 (1; 0/69); 3 (1; 1/56); 4 (1; 51/1); 4.3.1 (1; 73/1); 4.3.1.2 (1; 67/0); 4.3.1.2.EA2 (1; 53/1)	R: blaTEM-1D	S	S	I: gyrB_S464F	R: catA1	R: sul1;sul2	R: dfrA7	R: dfrA7;sul1;sul2	R: tetB	0	1	1	1	0	0	0	0	0	0	0	0	0	1	0	0	0	0	0	0	0	0	0	0	1	0	0	0	0	0	0	1	0	0	0	0	0	0	0	0	1	0	1	1	0	0	1	0	0	0	0	0	1	0	0
ERR2909580	typhi	91.478	4.3.1.2.EA2	strong	-	-	-	-	1 (1; 0/55); 2 (1; 0/48); 3 (1; 0/63); 4 (1; 54/0); 4.3.1 (1; 56/1); 4.3.1.2 (1; 65/0); 4.3.1.2.EA2 (1; 56/0)	R: blaTEM-1D	S	S	I: gyrB_S464F	R: catA1	R: sul1;sul2	R: dfrA7	R: dfrA7;sul1;sul2	R: tetB	0	1	1	1	0	0	0	0	0	0	0	0	0	1	0	0	0	0	0	0	0	0	0	0	1	0	0	0	0	0	0	1	0	0	0	0	0	0	0	0	1	0	1	1	0	0	1	0	0	0	0	0	1	0	0
ERR2909583	typhi	91.506	4.3.1.2.EA2	strong	-	-	-	-	1 (1; 0/80); 2 (1; 0/70); 3 (1; 0/74); 4 (1; 63/0); 4.3.1 (1; 68/0); 4.3.1.2 (1; 63/0); 4.3.1.2.EA2 (1; 51/0)	R: blaTEM-1D	S	S	I: gyrB_S464F	R: catA1	R: sul1;sul2	R: dfrA7	R: dfrA7;sul1;sul2	R: tetB	0	1	1	1	0	0	0	0	0	0	0	0	0	1	0	0	0	0	0	0	0	0	0	0	1	0	0	0	0	0	0	1	0	0	0	0	0	0	0	0	1	0	1	1	0	0	1	0	0	0	0	0	1	0	0
ERR2909584	typhi	91.514	4.3.1.2.EA2	strong	-	-	-	-	1 (1; 0/62); 2 (1; 0/63); 3 (1; 0/61); 4 (1; 58/0); 4.3.1 (1; 68/0); 4.3.1.2 (1; 65/0); 4.3.1.2.EA2 (1; 72/0)	R: blaTEM-1D	S	S	I: gyrB_S464F	R: catA1	R: sul1;sul2	R: dfrA7	R: dfrA7;sul1;sul2	R: tetB	0	1	1	1	0	0	0	0	0	0	0	0	0	1	0	0	0	0	0	0	0	0	0	0	1	0	0	0	0	0	0	1	0	0	0	0	0	0	0	0	1	0	1	1	0	0	1	0	0	0	0	0	1	0	0
ERR2909585	typhi	91.81	4.3.1.2.EA2	strong	-	-	-	-	1 (1; 0/55); 2 (1; 1/48); 3 (1; 0/50); 4 (1; 45/0); 4.3.1 (1; 53/1); 4.3.1.2 (1; 45/0); 4.3.1.2.EA2 (1; 50/0)	R: blaTEM-1D	S	S	I: gyrB_S464F	R: catA1	R: sul1;sul2	R: dfrA7	R: dfrA7;sul1;sul2	R: tetB	0	1	1	1	0	0	0	0	0	0	0	0	0	1	0	0	0	0	0	0	0	0	0	0	1	0	0	0	0	0	0	1	0	0	0	0	0	0	0	0	1	0	1	1	0	0	1	0	0	0	0	0	1	0	0
ERR2909608	typhi	91.478	4.3.1.2.EA2	strong	-	-	-	-	1 (1; 0/43); 2 (1; 0/53); 3 (1; 1/58); 4 (1; 39/0); 4.3.1 (1; 48/0); 4.3.1.2 (1; 41/0); 4.3.1.2.EA2 (1; 42/0)	S	S	S	I: gyrB_S464F	S	S	S	S	S	0	0	0	0	0	0	0	0	0	0	0	0	0	1	0	0	0	0	0	0	0	0	0	0	1	0	0	0	0	0	0	0	0	0	0	0	0	0	0	0	0	0	0	0	0	0	0	0	0	0	0	0	0	0	0
ERR2909612	typhi	91.478	4.3.1.2.EA2	strong	-	-	-	-	1 (1; 0/51); 2 (1; 0/45); 3 (1; 2/38); 4 (1; 55/0); 4.3.1 (1; 50/0); 4.3.1.2 (1; 51/0); 4.3.1.2.EA2 (1; 43/0)	R: blaTEM-1D	S	S	I: gyrB_S464F	R: catA1	R: sul1;sul2	R: dfrA7	R: dfrA7;sul1;sul2	R: tetB	0	1	1	1	0	0	0	0	0	0	0	0	0	1	0	0	0	0	0	0	0	0	0	0	1	0	0	0	0	0	0	1	0	0	0	0	0	0	0	0	1	0	1	1	0	0	1	0	0	0	0	0	1	0	0
ERR3332541	typhi	94.479	4.3.1.2.EA2	strong	-	-	-	-	1 (1; 0/51); 2 (1; 0/45); 3 (1; 1/54); 4 (1; 30/1); 4.3.1 (1; 56/0); 4.3.1.2 (1; 61/0); 4.3.1.2.EA2 (1; 30/2)	R: blaTEM-1D	S	S	I: gyrB_S464F	R: catA1	R: sul1;sul2	R: dfrA7	R: dfrA7;sul1;sul2	R: tetB	0	1	1	1	0	0	0	0	0	0	0	0	0	1	0	0	0	0	0	0	0	0	0	0	1	0	0	0	0	0	0	1	0	0	0	0	0	0	0	0	1	0	1	1	0	0	1	0	0	0	0	0	1	0	0
ERR3332542	typhi	91.536	4.3.1.2.EA2	strong	-	-	-	-	1 (1; 0/68); 2 (1; 0/59); 3 (1; 0/44); 4 (1; 49/0); 4.3.1 (1; 43/0); 4.3.1.2 (1; 56/1); 4.3.1.2.EA2 (1; 66/0)	S	S	S	I: gyrB_S464F	S	S	S	S	S	0	0	0	0	0	0	0	0	0	0	0	0	0	1	0	0	0	0	0	0	0	0	0	0	1	0	0	0	0	0	0	0	0	0	0	0	0	0	0	0	0	0	0	0	0	0	0	0	0	0	0	0	0	0	0
ERR3332543	typhi	94.787	4.3.1.2.EA3	strong	-	-	-	-	1 (1; 0/66); 2 (1; 0/77); 3 (1; 0/54); 4 (1; 78/0); 4.3.1 (1; 67/0); 4.3.1.2 (1; 64/0); 4.3.1.2.EA3 (1; 70/1)	R: blaTEM-1D	S	S	I: gyrA_S83Y	R: catA1	R: sul1;sul2	R: dfrA7	R: dfrA7;sul1;sul2	S	0	0	0	0	0	0	0	0	0	0	0	0	0	1	0	0	0	0	0	1	0	0	0	0	0	0	0	0	0	0	0	1	0	0	0	0	0	0	0	0	1	0	1	1	0	0	1	0	0	0	0	0	0	0	0
ERR3332545	typhi	91.612	4.3.1.2.EA2	strong	-	-	-	-	1 (1; 1/60); 2 (1; 0/60); 3 (1; 0/41); 4 (1; 70/0); 4.3.1 (1; 70/0); 4.3.1.2 (1; 57/1); 4.3.1.2.EA2 (1; 58/0)	R: blaTEM-1D	S	S	I: gyrB_S464F	R: catA1	R: sul1;sul2	R: dfrA7	R: dfrA7;sul1;sul2	R: tetB	0	1	1	1	0	0	0	0	0	0	0	0	0	1	0	0	0	0	0	0	0	0	0	0	1	0	0	0	0	0	0	1	0	0	0	0	0	0	0	0	1	0	1	1	0	0	1	0	0	0	0	0	1	0	0
ERR3332546	typhi	94.494	4.3.1.2.EA2	strong	-	-	-	-	1 (1; 1/57); 2 (1; 0/75); 3 (1; 0/71); 4 (1; 77/0); 4.3.1 (1; 69/0); 4.3.1.2 (1; 59/1); 4.3.1.2.EA2 (1; 74/0)	R: blaTEM-1D	S	S	I: gyrB_S464F	R: catA1	R: sul1;sul2	R: dfrA7	R: dfrA7;sul1;sul2	R: tetB	0	1	1	1	0	0	0	0	0	0	0	0	0	1	0	0	0	0	0	0	0	0	0	0	1	0	0	0	0	0	0	1	0	0	0	0	0	0	0	0	1	0	1	1	0	0	1	0	0	0	0	0	1	0	0
ERR3332556	typhi	94.772	4.3.1.2.EA2	strong	-	-	-	-	1 (1; 2/54); 2 (1; 0/54); 3 (1; 1/46); 4 (1; 31/0); 4.3.1 (1; 45/0); 4.3.1.2 (1; 45/2); 4.3.1.2.EA2 (1; 42/0)	R: blaTEM-1D	S	S	I: gyrB_S464F	R: catA1	R: sul1;sul2	R: dfrA7	R: dfrA7;sul1;sul2	R: tetB	0	1	1	1	0	0	0	0	0	0	0	0	0	1	0	0	0	0	0	0	0	0	0	0	1	0	0	0	0	0	0	1	0	0	0	0	0	0	0	0	1	0	1	1	0	0	1	0	0	0	0	0	1	0	0
ERR3332574	typhi	91.485	4.3.1.2.EA2	strong	-	-	-	-	1 (1; 0/71); 2 (1; 0/58); 3 (1; 0/56); 4 (1; 69/0); 4.3.1 (1; 81/1); 4.3.1.2 (1; 60/0); 4.3.1.2.EA2 (1; 51/0)	S	S	S	I: gyrB_S464F	S	S	S	S	S	0	0	0	0	0	0	0	0	0	0	0	0	0	1	0	0	0	0	0	0	0	0	0	0	1	0	0	0	0	0	0	0	0	0	0	0	0	0	0	0	0	0	0	0	0	0	0	0	0	0	0	0	0	0	0
ERR3332577	typhi	94.37	4.3.1.2.EA3	strong	-	-	-	-	1 (1; 1/53); 2 (1; 0/41); 3 (1; 2/38); 4 (1; 40/0); 4.3.1 (1; 75/1); 4.3.1.2 (1; 65/1); 4.3.1.2.EA3 (1; 47/0)	R: blaTEM-1D	S	S	I: gyrA_S83Y	R: catA1	R: sul1;sul2	R: dfrA7	R: dfrA7;sul1;sul2	S	0	0	0	0	0	0	0	0	0	0	0	0	0	1	0	0	0	0	0	1	0	0	0	0	0	0	0	0	0	0	0	1	0	0	0	0	0	0	0	0	1	0	1	1	0	0	1	0	0	0	0	0	0	0	0
ERR3332578	typhi	94.441	4.3.1.2.EA2	strong	-	-	-	-	1 (1; 1/74); 2 (1; 0/68); 3 (1; 0/53); 4 (1; 76/1); 4.3.1 (1; 79/0); 4.3.1.2 (1; 96/0); 4.3.1.2.EA2 (1; 84/0)	R: blaTEM-1D	S	S	I: gyrB_S464F	R: catA1	R: sul1;sul2	R: dfrA7	R: dfrA7;sul1;sul2	R: tetB	0	1	1	1	0	0	0	0	0	0	0	0	0	1	0	0	0	0	0	0	0	0	0	0	1	0	0	0	0	0	0	1	0	0	0	0	0	0	0	0	1	0	1	1	0	0	1	0	0	0	0	0	1	0	0
ERR3332580	typhi	94.726	4.3.1.2.EA3	strong	-	-	-	-	1 (1; 0/53); 2 (1; 2/44); 3 (1; 0/47); 4 (1; 57/0); 4.3.1 (1; 58/1); 4.3.1.2 (1; 67/1); 4.3.1.2.EA3 (1; 46/0)	R: blaTEM-1D	S	S	I: gyrA_S83Y	R: catA1	R: sul1;sul2	R: dfrA7	R: dfrA7;sul1;sul2	S	0	0	0	0	0	0	0	0	0	0	0	0	0	1	0	0	0	0	0	1	0	0	0	0	0	0	0	0	0	0	0	1	0	0	0	0	0	0	0	0	1	0	1	1	0	0	1	0	0	0	0	0	0	0	0
ERR3332581	typhi	91.538	4.3.1.2.EA2	strong	-	-	-	-	1 (1; 1/58); 2 (1; 1/42); 3 (1; 0/51); 4 (1; 58/0); 4.3.1 (1; 76/0); 4.3.1.2 (1; 72/0); 4.3.1.2.EA2 (1; 68/2)	S	S	S	I: gyrB_S464F	S	S	S	S	S	0	0	0	0	0	0	0	0	0	0	0	0	0	1	0	0	0	0	0	0	0	0	0	0	1	0	0	0	0	0	0	0	0	0	0	0	0	0	0	0	0	0	0	0	0	0	0	0	0	0	0	0	0	0	0
ERR3332584	typhi	94.802	4.3.1.2.EA2	strong	-	-	-	-	1 (1; 0/65); 2 (1; 0/68); 3 (1; 0/62); 4 (1; 32/0); 4.3.1 (1; 70/0); 4.3.1.2 (1; 56/2); 4.3.1.2.EA2 (1; 58/0)	R: blaTEM-1D	S	S	I: gyrB_S464F	R: catA1	R: sul1;sul2	R: dfrA7	R: dfrA7;sul1;sul2	R: tetB	0	1	1	1	0	0	0	0	0	0	0	0	0	1	0	0	0	0	0	0	0	0	0	0	1	0	0	0	0	0	0	1	0	0	0	0	0	0	0	0	1	0	1	1	0	0	1	0	0	0	0	0	1	0	0
ERR3332585	typhi	94.492	4.3.1.2.EA2	strong	-	-	-	-	1 (1; 1/72); 2 (1; 1/56); 3 (1; 2/61); 4 (1; 52/0); 4.3.1 (1; 78/0); 4.3.1.2 (1; 59/0); 4.3.1.2.EA2 (1; 57/0)	R: blaTEM-1D	S	S	I: gyrB_S464F	R: catA1	R: sul1;sul2	R: dfrA7	R: dfrA7;sul1;sul2	R: tetB	0	1	1	1	0	0	0	0	0	0	0	0	0	1	0	0	0	0	0	0	0	0	0	0	1	0	0	0	0	0	0	1	0	0	0	0	0	0	0	0	1	0	1	1	0	0	1	0	0	0	0	0	1	0	0
ERR3332586	typhi	94.392	4.3.1.2.EA2	strong	-	-	-	-	1 (1; 0/73); 2 (1; 0/54); 3 (1; 0/60); 4 (1; 59/0); 4.3.1 (1; 52/2); 4.3.1.2 (1; 71/0); 4.3.1.2.EA2 (1; 63/0)	R: blaTEM-1D	S	S	I: gyrB_S464F	R: catA1	R: sul1;sul2	R: dfrA7	R: dfrA7;sul1;sul2	R: tetB	0	1	1	1	0	0	0	0	0	0	0	0	0	1	0	0	0	0	0	0	0	0	0	0	1	0	0	0	0	0	0	1	0	0	0	0	0	0	0	0	1	0	1	1	0	0	1	0	0	0	0	0	1	0	0
ERR3332587	typhi	91.485	4.3.1.2.EA3	strong	-	-	-	-	1 (1; 0/66); 2 (1; 0/75); 3 (1; 1/34); 4 (1; 50/3); 4.3.1 (1; 51/2); 4.3.1.2 (1; 52/1); 4.3.1.2.EA3 (1; 52/0)	R: blaTEM-1D	S	S	I: gyrA_S83Y	R: catA1	R: sul1;sul2	R: dfrA7	R: dfrA7;sul1;sul2	S	0	0	0	0	0	0	0	0	0	0	0	0	0	1	0	0	0	0	0	1	0	0	0	0	0	0	0	0	0	0	0	1	0	0	0	0	0	0	0	0	1	0	1	1	0	0	1	0	0	0	0	0	0	0	0
ERR3332589	typhi	94.778	4.3.1.2.EA2	strong	-	-	-	-	1 (1; 0/53); 2 (1; 1/55); 3 (1; 0/44); 4 (1; 45/1); 4.3.1 (1; 72/0); 4.3.1.2 (1; 44/0); 4.3.1.2.EA2 (1; 51/0)	R: blaTEM-1D	S	S	I: gyrB_S464F	R: catA1	R: sul1;sul2	R: dfrA7	R: dfrA7;sul1;sul2	R: tetB	0	1	1	1	0	0	0	0	0	0	0	0	0	1	0	0	0	0	0	0	0	0	0	0	1	0	0	0	0	0	0	1	0	0	0	0	0	0	0	0	1	0	1	1	0	0	1	0	0	0	0	0	1	0	0
ERR3332591	typhi	94.625	4.3.1.2.EA3	strong	-	-	-	-	1 (1; 0/42); 2 (1; 0/39); 3 (1; 0/59); 4 (1; 35/0); 4.3.1 (1; 62/1); 4.3.1.2 (1; 56/1); 4.3.1.2.EA3 (1; 41/0)	R: blaTEM-1D	S	S	I: gyrA_S83Y	R: catA1	R: sul1;sul2	R: dfrA7	R: dfrA7;sul1;sul2	S	0	0	0	0	0	0	0	0	0	0	0	0	0	1	0	0	0	0	0	1	0	0	0	0	0	0	0	0	0	0	0	1	0	0	0	0	0	0	0	0	1	0	1	1	0	0	1	0	0	0	0	0	0	0	0
ERR3332617	typhi	94.946	4.3.1.2.EA3	strong	-	-	-	-	1 (1; 0/64); 2 (1; 1/68); 3 (1; 0/73); 4 (1; 63/1); 4.3.1 (1; 94/1); 4.3.1.2 (1; 94/0); 4.3.1.2.EA3 (1; 69/0)	R: blaTEM-1D	S	S	I: gyrA_S83Y	R: catA1	R: sul1;sul2	R: dfrA7	R: dfrA7;sul1;sul2	S	0	0	0	0	0	0	0	0	0	0	0	0	0	1	0	0	0	0	0	1	0	0	0	0	0	0	0	0	0	0	0	1	0	0	0	0	0	0	0	0	1	0	1	1	0	0	1	0	0	0	0	0	0	0	0
ERR3332635	typhi	94.924	4.3.1.2.EA3	strong	-	-	-	-	1 (1; 1/103); 2 (1; 0/87); 3 (1; 1/90); 4 (1; 95/0); 4.3.1 (1; 109/2); 4.3.1.2 (1; 87/2); 4.3.1.2.EA3 (1; 68/0)	R: blaTEM-1D	S	S	I: gyrA_S83Y	R: catA1	R: sul1;sul2	R: dfrA7	R: dfrA7;sul1;sul2	S	0	0	0	0	0	0	0	0	0	0	0	0	0	1	0	0	0	0	0	1	0	0	0	0	0	0	0	0	0	0	0	1	0	0	0	0	0	0	0	0	1	0	1	1	0	0	1	0	0	0	0	0	0	0	0
ERR3332642	typhi	94.888	4.3.1.2.EA2	strong	-	-	-	-	1 (1; 0/70); 2 (1; 2/63); 3 (1; 0/63); 4 (1; 64/0); 4.3.1 (1; 97/1); 4.3.1.2 (1; 84/0); 4.3.1.2.EA2 (1; 80/0)	R: blaTEM-1D	S	S	I: gyrB_S464F	R: catA1	R: sul1;sul2	R: dfrA7	R: dfrA7;sul1;sul2	R: tetB	0	1	1	1	0	0	0	0	0	0	0	0	0	1	0	0	0	0	0	0	0	0	0	0	1	0	0	0	0	0	0	1	0	0	0	0	0	0	0	0	1	0	1	1	0	0	1	0	0	0	0	0	1	0	0
ERR3332648	typhi	94.626	4.3.1.2.EA2	strong	-	-	-	-	1 (1; 0/101); 2 (1; 1/60); 3 (1; 0/83); 4 (1; 82/0); 4.3.1 (1; 100/0); 4.3.1.2 (1; 96/1); 4.3.1.2.EA2 (1; 82/2)	S	S	S	I: gyrB_S464F	S	S	S	S	S	0	0	0	0	0	0	0	0	0	0	0	0	0	1	0	0	0	0	0	0	0	0	0	0	1	0	0	0	0	0	0	0	0	0	0	0	0	0	0	0	0	0	0	0	0	0	0	0	0	0	0	0	0	0	0
ERR3332652	typhi	94.998	4.3.1.2.EA2	strong	-	-	-	-	1 (1; 0/80); 2 (1; 1/64); 3 (1; 1/46); 4 (1; 56/1); 4.3.1 (1; 71/2); 4.3.1.2 (1; 84/0); 4.3.1.2.EA2 (1; 82/0)	R: blaTEM-1D	S	S	I: gyrB_S464F	R: catA1	R: sul1;sul2	R: dfrA7	R: dfrA7;sul1;sul2	R: tetB	0	1	1	1	0	0	0	0	0	0	0	0	0	1	0	0	0	0	0	0	0	0	0	0	1	0	0	0	0	0	0	1	0	0	0	0	0	0	0	0	1	0	1	1	0	0	1	0	0	0	0	0	1	0	0
ERR3332659	typhi	94.819	4.3.1.2.EA2	strong	-	-	-	-	1 (1; 0/78); 2 (1; 0/93); 3 (1; 0/56); 4 (1; 78/0); 4.3.1 (1; 91/3); 4.3.1.2 (1; 96/1); 4.3.1.2.EA2 (1; 79/0)	R: blaTEM-1D	S	S	I: gyrB_S464F	R: catA1	R: sul1;sul2	R: dfrA7	R: dfrA7;sul1;sul2	R: tetB	0	1	1	1	0	0	0	0	0	0	0	0	0	1	0	0	0	0	0	0	0	0	0	0	1	0	0	0	0	0	0	1	0	0	0	0	0	0	0	0	1	0	1	1	0	0	1	0	0	0	0	0	1	0	0
ERR3332660	typhi	94.527	4.3.1.2.EA2	strong	-	-	-	-	1 (1; 0/82); 2 (1; 2/67); 3 (1; 0/77); 4 (1; 62/0); 4.3.1 (1; 79/0); 4.3.1.2 (1; 101/0); 4.3.1.2.EA2 (1; 96/0)	S	S	S	I: gyrB_S464F	S	S	S	S	S	0	0	0	0	0	0	0	0	0	0	0	0	0	1	0	0	0	0	0	0	0	0	0	0	1	0	0	0	0	0	0	0	0	0	0	0	0	0	0	0	0	0	0	0	0	0	0	0	0	0	0	0	0	0	0
ERR3332662	typhi	94.847	4.3.1.2.EA2	strong	-	-	-	-	1 (1; 1/49); 2 (1; 2/65); 3 (1; 0/56); 4 (1; 58/0); 4.3.1 (1; 71/1); 4.3.1.2 (1; 68/0); 4.3.1.2.EA2 (1; 57/1)	R: blaTEM-1D	S	S	I: gyrB_S464F	R: catA1	R: sul1;sul2	R: dfrA7	R: dfrA7;sul1;sul2	R: tetB	0	1	1	1	0	0	0	0	0	0	0	0	0	1	0	0	0	0	0	0	0	0	0	0	1	0	0	0	0	0	0	1	0	0	0	0	0	0	0	0	1	0	1	1	0	0	1	0	0	0	0	0	1	0	0
ERR3332669	typhi	94.699	4.3.1.2.EA2	strong	-	-	-	-	1 (1; 0/54); 2 (1; 2/72); 3 (1; 1/58); 4 (1; 59/0); 4.3.1 (1; 78/1); 4.3.1.2 (1; 81/2); 4.3.1.2.EA2 (1; 86/0)	R: blaTEM-1D	S	S	I: gyrB_S464F	R: catA1	R: sul1;sul2	R: dfrA7	R: dfrA7;sul1;sul2	R: tetB	0	1	1	1	0	0	0	0	0	0	0	0	0	1	0	0	0	0	0	0	0	0	0	0	1	0	0	0	0	0	0	1	0	0	0	0	0	0	0	0	1	0	1	1	0	0	1	0	0	0	0	0	1	0	0
ERR3332684	typhi	94.68	4.3.1.2.EA3	strong	-	-	-	-	1 (1; 1/59); 2 (1; 0/72); 3 (1; 3/65); 4 (1; 62/0); 4.3.1 (1; 69/2); 4.3.1.2 (1; 89/0); 4.3.1.2.EA3 (1; 70/0)	R: blaTEM-1D	S	S	I: gyrA_S83Y	R: catA1	R: sul1;sul2	R: dfrA7	R: dfrA7;sul1;sul2	S	0	0	0	0	0	0	0	0	0	0	0	0	0	1	0	0	0	0	0	1	0	0	0	0	0	0	0	0	0	0	0	1	0	0	0	0	0	0	0	0	1	0	1	1	0	0	1	0	0	0	0	0	0	0	0
ERR3332685	typhi	94.832	4.3.1.2.EA3	strong	-	-	-	-	1 (1; 0/82); 2 (1; 2/69); 3 (1; 0/79); 4 (1; 61/0); 4.3.1 (1; 68/2); 4.3.1.2 (1; 79/0); 4.3.1.2.EA3 (1; 61/0)	R: blaTEM-1D	S	S	I: gyrA_S83Y	R: catA1	R: sul1;sul2	R: dfrA7	R: dfrA7;sul1;sul2	S	0	0	0	0	0	0	0	0	0	0	0	0	0	1	0	0	0	0	0	1	0	0	0	0	0	0	0	0	0	0	0	1	0	0	0	0	0	0	0	0	1	0	1	1	0	0	1	0	0	0	0	0	0	0	0
ERR3332690	typhi	95.023	4.3.1.2.EA2	strong	-	-	-	-	1 (1; 0/59); 2 (1; 1/40); 3 (1; 0/71); 4 (1; 46/0); 4.3.1 (1; 66/0); 4.3.1.2 (1; 95/0); 4.3.1.2.EA2 (1; 56/2)	R: blaTEM-1D	S	S	I: gyrB_S464F	R: catA1	R: sul1;sul2	R: dfrA7	R: dfrA7;sul1;sul2	R: tetB	0	1	1	1	0	0	0	0	0	0	0	0	0	1	0	0	0	0	0	0	0	0	0	0	1	0	0	0	0	0	0	1	0	0	0	0	0	0	0	0	1	0	1	1	0	0	1	0	0	0	0	0	1	0	0
ERR3332691	typhi	94.948	4.3.1.2.EA2	strong	-	-	-	-	1 (1; 3/58); 2 (1; 0/68); 3 (1; 1/61); 4 (1; 53/0); 4.3.1 (1; 64/1); 4.3.1.2 (1; 78/3); 4.3.1.2.EA2 (1; 65/0)	R: blaTEM-1D	S	S	I: gyrB_S464F	R: catA1	R: sul1;sul2	R: dfrA7	R: dfrA7;sul1;sul2	R: tetB	0	1	1	1	0	0	0	0	0	0	0	0	0	1	0	0	0	0	0	0	0	0	0	0	1	0	0	0	0	0	0	1	0	0	0	0	0	0	0	0	1	0	1	1	0	0	1	0	0	0	0	0	1	0	0
ERR3332709	typhi	94.882	4.3.1.2.EA2	strong	-	-	-	-	1 (1; 0/86); 2 (1; 1/74); 3 (1; 0/69); 4 (1; 72/0); 4.3.1 (1; 68/0); 4.3.1.2 (1; 100/3); 4.3.1.2.EA2 (1; 106/0)	R: blaTEM-1D	S	S	I: gyrB_S464F	R: catA1	R: sul1;sul2	R: dfrA7	R: dfrA7;sul1;sul2	R: tetB	0	1	1	1	0	0	0	0	0	0	0	0	0	1	0	0	0	0	0	0	0	0	0	0	1	0	0	0	0	0	0	1	0	0	0	0	0	0	0	0	1	0	1	1	0	0	1	0	0	0	0	0	1	0	0
ERR3332719	typhi	94.803	4.3.1.2.EA2	strong	-	-	-	-	1 (1; 0/63); 2 (1; 1/66); 3 (1; 2/88); 4 (1; 63/0); 4.3.1 (1; 95/0); 4.3.1.2 (1; 105/1); 4.3.1.2.EA2 (1; 95/0)	R: blaTEM-1D	S	S	I: gyrB_S464F	R: catA1	R: sul1;sul2	R: dfrA7	R: dfrA7;sul1;sul2	R: tetB	0	1	1	1	0	0	0	0	0	0	0	0	0	1	0	0	0	0	0	0	0	0	0	0	1	0	0	0	0	0	0	1	0	0	0	0	0	0	0	0	1	0	1	1	0	0	1	0	0	0	0	0	1	0	0
ERR3332727	typhi	94.956	4.3.1.2.EA2	strong	-	-	-	-	1 (1; 1/89); 2 (1; 3/77); 3 (1; 3/93); 4 (1; 75/0); 4.3.1 (1; 141/2); 4.3.1.2 (1; 98/3); 4.3.1.2.EA2 (1; 116/0)	R: blaTEM-1D	S	S	I: gyrB_S464F	R: catA1	R: sul1;sul2	R: dfrA7	R: dfrA7;sul1;sul2	R: tetB	0	1	1	1	0	0	0	0	0	0	0	0	0	1	0	0	0	0	0	0	0	0	0	0	1	0	0	0	0	0	0	1	0	0	0	0	0	0	0	0	1	0	1	1	0	0	1	0	0	0	0	0	1	0	0
ERR3332729	typhi	94.942	4.3.1.2.EA2	strong	-	-	-	-	1 (1; 0/60); 2 (1; 0/74); 3 (1; 0/64); 4 (1; 67/1); 4.3.1 (1; 89/1); 4.3.1.2 (1; 73/0); 4.3.1.2.EA2 (1; 73/0)	R: blaTEM-1D	S	S	I: gyrB_S464F	R: catA1	R: sul1;sul2	R: dfrA7	R: dfrA7;sul1;sul2	R: tetB	0	1	1	1	0	0	0	0	0	0	0	0	0	1	0	0	0	0	0	0	0	0	0	0	1	0	0	0	0	0	0	1	0	0	0	0	0	0	0	0	1	0	1	1	0	0	1	0	0	0	0	0	1	0	0
ERR3332731	typhi	94.513	4.3.1.2.EA2	strong	-	-	-	-	1 (1; 0/83); 2 (1; 2/72); 3 (1; 1/74); 4 (1; 70/0); 4.3.1 (1; 64/1); 4.3.1.2 (1; 67/0); 4.3.1.2.EA2 (1; 89/2)	R: blaTEM-1D	S	S	I: gyrB_S464F	R: catA1	R: sul1;sul2	R: dfrA7	R: dfrA7;sul1;sul2	S	0	1	1	1	0	0	0	0	0	0	0	0	0	1	0	0	0	0	0	0	0	0	0	0	1	0	0	0	0	0	0	1	0	0	0	0	0	0	0	0	1	0	1	1	0	0	1	0	0	0	0	0	0	0	0
ERR3332740	typhi	94.908	4.3.1.2.EA2	strong	-	-	-	-	1 (1; 0/68); 2 (1; 1/59); 3 (1; 0/73); 4 (1; 73/0); 4.3.1 (1; 99/2); 4.3.1.2 (1; 89/2); 4.3.1.2.EA2 (1; 76/0)	S	S	S	I: gyrB_S464F	S	S	S	S	S	0	0	0	0	0	0	0	0	0	0	0	0	0	1	0	0	0	0	0	0	0	0	0	0	1	0	0	0	0	0	0	0	0	0	0	0	0	0	0	0	0	0	0	0	0	0	0	0	0	0	0	0	0	0	0
ERR3332743	typhi	94.485	4.3.1.2.EA2	strong	-	-	-	-	1 (1; 1/57); 2 (1; 1/65); 3 (1; 2/63); 4 (1; 84/0); 4.3.1 (1; 81/2); 4.3.1.2 (1; 89/0); 4.3.1.2.EA2 (1; 85/2)	S	S	S	I: gyrB_S464F	S	S	S	S	S	0	0	0	0	0	0	0	0	0	0	0	0	0	1	0	0	0	0	0	0	0	0	0	0	1	0	0	0	0	0	0	0	0	0	0	0	0	0	0	0	0	0	0	0	0	0	0	0	0	0	0	0	0	0	0
ERR3332758	typhi	94.863	4.3.1.2.EA2	strong	-	-	-	-	1 (1; 0/71); 2 (1; 1/80); 3 (1; 0/78); 4 (1; 55/1); 4.3.1 (1; 59/0); 4.3.1.2 (1; 73/3); 4.3.1.2.EA2 (1; 68/1)	R: blaTEM-1D	S	S	I: gyrB_S464F	R: catA1	R: sul1;sul2	R: dfrA7	R: dfrA7;sul1;sul2	R: tetB	0	1	1	1	0	0	0	0	0	0	0	0	0	1	0	0	0	0	0	0	0	0	0	0	1	0	0	0	0	0	0	1	0	0	0	0	0	0	0	0	1	0	1	1	0	0	1	0	0	0	0	0	1	0	0
ERR3332766	typhi	94.918	4.3.1.2.EA3	strong	-	-	-	-	1 (1; 0/91); 2 (1; 1/76); 3 (1; 1/84); 4 (1; 76/1); 4.3.1 (1; 83/2); 4.3.1.2 (1; 90/0); 4.3.1.2.EA3 (1; 74/0)	R: blaTEM-1D	S	S	I: gyrA_S83Y	R: catA1	R: sul1;sul2	R: dfrA7	R: dfrA7;sul1;sul2	S	0	0	0	0	0	0	0	0	0	0	0	0	0	1	0	0	0	0	0	1	0	0	0	0	0	0	0	0	0	0	0	1	0	0	0	0	0	0	0	0	1	0	1	1	0	0	1	0	0	0	0	0	0	0	0
ERR3332770	typhi	94.836	4.3.1.2.EA2	strong	-	-	-	-	1 (1; 0/69); 2 (1; 0/55); 3 (1; 0/62); 4 (1; 61/0); 4.3.1 (1; 70/0); 4.3.1.2 (1; 73/1); 4.3.1.2.EA2 (1; 67/1)	S	S	S	I: gyrB_S464F	R: catA1	S	S	S	S	0	0	0	0	0	0	0	0	0	0	0	0	0	1	0	0	0	0	0	0	0	0	0	0	1	0	0	0	0	0	0	0	0	0	0	0	0	0	0	0	1	0	0	0	0	0	0	0	0	0	0	0	0	0	0
ERR3332773	typhi	94.983	4.3.1.2.EA2	strong	-	-	-	-	1 (1; 0/68); 2 (1; 0/59); 3 (1; 0/94); 4 (1; 59/0); 4.3.1 (1; 73/1); 4.3.1.2 (1; 70/0); 4.3.1.2.EA2 (1; 80/0)	S	S	S	I: gyrB_S464F	S	S	S	S	S	0	0	0	0	0	0	0	0	0	0	0	0	0	1	0	0	0	0	0	0	0	0	0	0	1	0	0	0	0	0	0	0	0	0	0	0	0	0	0	0	0	0	0	0	0	0	0	0	0	0	0	0	0	0	0
ERR3332776	typhi	91.502	4.3.1.2.EA2	strong	-	-	-	-	1 (1; 0/72); 2 (1; 0/52); 3 (1; 0/66); 4 (1; 53/0); 4.3.1 (1; 59/0); 4.3.1.2 (1; 77/1); 4.3.1.2.EA2 (1; 67/0)	R: blaTEM-1D	S	S	I: gyrB_S464F	R: catA1	R: sul1;sul2	R: dfrA7	R: dfrA7;sul1;sul2	R: tetB	0	1	1	1	0	0	0	0	0	0	0	0	0	1	0	0	0	0	0	0	0	0	0	0	1	0	0	0	0	0	0	1	0	0	0	0	0	0	0	0	1	0	1	1	0	0	1	0	0	0	0	0	1	0	0
ERR3332782	typhi	91.48	4.3.1.2.EA2	strong	-	-	-	-	1 (1; 0/38); 2 (1; 0/49); 3 (1; 0/53); 4 (1; 46/0); 4.3.1 (1; 36/0); 4.3.1.2 (1; 57/0); 4.3.1.2.EA2 (1; 48/0)	S	S	S	I: gyrB_S464F	S	S	S	S	S	0	0	0	0	0	0	0	0	0	0	0	0	0	1	0	0	0	0	0	0	0	0	0	0	1	0	0	0	0	0	0	0	0	0	0	0	0	0	0	0	0	0	0	0	0	0	0	0	0	0	0	0	0	0	0
